{
  "P": 1.1102380340104239,
  "N": 2.9135927030450195,
  "B": 2.8283740713383976,
  "R": 5.204884444351065,
  "Q": 9.191234419246538,
  "K": 0
}